supplier_name,country,contact_email
PharmaCorp,India,contact@pharmacorp.com
HealthInc,Europe,info@healthinc.co.za
BioMed,India,sales@biomed.co.ke
SuppCo,Europe,support@suppco.ng
AfriPharma,India,info@afripharma.com.gh
MediSupply,Europe,sales@medisupply.tz
AfroMed,India,info@afromed.et
HealthLink,Europe,contact@healthlink.ug
PharmaGlobal,India,sales@pharmaglobal.rw
BioHealth,Europe,info@biohealth.zm
MediCorp,India,sales@medicorp.mw
AfriHealth,Europe,info@afrihealth.mz
GlobalPharma,India,sales@globalpharma.bw
HealthSolutions,Europe,info@healthsolutions.na
PharmaAfrica,India,sales@pharmaafrica.zw
MediAfrica,Europe,info@mediafrica.ao
BioAfrica,India,sales@bioafrica.cm
HealthAfrica,Europe,info@healthafrica.ci
PharmaSolutions,India,sales@pharmasolutions.sn
MediSolutions,Europe,info@medisolutions.ml
AfroHealth,India,sales@afrohealth.bf
GlobalHealth,Europe,info@globalhealth.gn
BioSolutions,India,sales@biosolutions.sl
HealthGlobal,Europe,info@healthglobal.lr
PharmaHealth,India,sales@pharmahealth.tg
MediHealth,Europe,info@medihealth.bj
AfroSolutions,India,sales@afrosolutions.ne
GlobalSolutions,Europe,info@globalsolutions.td
BioHealthSolutions,India,sales@biohealthsolutions.cf
HealthPharma,Europe,info@healthpharma.cg
PharmaBio,India,sales@pharmabio.dj
MediBio,Europe,info@medibio.er
BioPharma,India,sales@biopharma.ga
HealthBio,Europe,info@healthbio.gm
PharmaMedi,India,sales@pharmamedi.gw
MediPharma,Europe,info@medipharma.ls
BioMedi,India,sales@biomedi.mg
HealthMedi,Europe,info@healthmedi.mu
PharmaGlobalHealth,India,sales@pharmaglobalhealth.ma
MediGlobal,Europe,info@mediglobal.mr
BioGlobal,India,sales@bioglobal.sc
HealthGlobalHealth,Europe,info@healthglobalhealth.so
PharmaHealthGlobal,India,sales@pharmahealthglobal.sd
MediHealthGlobal,Europe,info@medihealthglobal.sz
BioHealthGlobal,India,sales@biohealthglobal.tn
HealthPharmaGlobal,Europe,info@healthpharmaglobal.dz
PharmaBioGlobal,India,sales@pharmabioglobal.eg
MediBioGlobal,Europe,info@medibioglobal.ly
BioPharmaGlobal,India,sales@biopharma global.tn
HealthBioGlobal,Europe,info@healthbioglobal.ma
